source_row,trial_id,route,field,original_value,proposed_estimate,provenance,estimation_method,uncertainty,approval_status,analysis_use
3,2,DIB -> Warren lecture hall,Valhalla ETA (min),1900-01-03 00:00:00,3.0,calculated,Convert the date-typed Excel serial in a minutes-designated column to its numeric serial value.,"Low, but semantic intent still requires approval",Approved,Approved exploratory normalization; excluded from measured-only results
3,2,DIB -> Warren lecture hall,Actual minutes (timestamp-derived alternate),3.0,4.0,calculated,End time minus start time; original entered duration remains preserved.,Medium,Approved as supplemental sensitivity,Supplemental sensitivity only; original entered duration remains primary
6,5,goldberg hall -> FAH,Actual minutes (timestamp-derived alternate),4.0,1.0,calculated,End time minus start time; original entered duration remains preserved.,Medium,Approved as supplemental sensitivity,Supplemental sensitivity only; original entered duration remains primary
9,8,Geisel Library -> Target,Actual minutes (timestamp-derived alternate),4.0,6.0,calculated,End time minus start time; original entered duration remains preserved.,Medium,Approved as supplemental sensitivity,Supplemental sensitivity only; original entered duration remains primary
13,12,galbraith hall -> MAIN gym,Actual minutes (timestamp-derived alternate),9.0,8.0,calculated,End time minus start time; original entered duration remains preserved.,Medium,Approved as supplemental sensitivity,Supplemental sensitivity only; original entered duration remains primary
14,13,MAIN gym -> CSB building,Actual minutes (timestamp-derived alternate),5.0,6.0,calculated,End time minus start time; original entered duration remains preserved.,Medium,Approved as supplemental sensitivity,Supplemental sensitivity only; original entered duration remains primary
21,20,CSB building -> Student Health and Wellness Center,Actual minutes (timestamp-derived alternate),2.0,1.0,calculated,End time minus start time; original entered duration remains preserved.,Medium,Approved as supplemental sensitivity,Supplemental sensitivity only; original entered duration remains primary
24,23,catalyst -> peterson hall,Actual minutes (timestamp-derived alternate),4.0,33.0,calculated,End time minus start time; original entered duration remains preserved.,Very high,Approved as supplemental sensitivity,Supplemental sensitivity only; original entered duration remains primary
27,25,center hall -> pepper canyon hall,Valhalla ETA (min),,9.85,modeled,Current TritonNav campus resolver and local Valhalla route snapshot; not the historical app version.,Medium; current model snapshot may differ from the field-test build,Pending,Exploratory route-model scenario only
30,28,MAIN gym -> FAH,Valhalla ETA (min),,13.583333333333334,modeled,Current TritonNav campus resolver and local Valhalla route snapshot; not the historical app version.,Medium; current model snapshot may differ from the field-test build,Approved for exploratory analysis,Hypothetical route-model scenario; not a measured walk
30,28,MAIN gym -> FAH,Actual minutes,,11.885416666666668,modeled,Current Valhalla ETA multiplied by strict-sample median actual/ETA ratio (0.875).,High; empirical 10th-90th ratio interval gives 10.6-13.9 min,Approved for exploratory analysis,Hypothetical route-model scenario; not a measured walk
31,29,FAH -> center hall,Valhalla ETA (min),,7.4,modeled,Current TritonNav campus resolver and local Valhalla route snapshot; not the historical app version.,Medium; current model snapshot may differ from the field-test build,Approved for exploratory analysis,Hypothetical route-model scenario; not a measured walk
31,29,FAH -> center hall,Actual minutes,,6.4750000000000005,modeled,Current Valhalla ETA multiplied by strict-sample median actual/ETA ratio (0.875).,High; empirical 10th-90th ratio interval gives 5.8-7.6 min,Approved for exploratory analysis,Hypothetical route-model scenario; not a measured walk
32,30,center hall -> Geisel Library,Valhalla ETA (min),,6.133333333333334,modeled,Current TritonNav campus resolver and local Valhalla route snapshot; not the historical app version.,Medium; current model snapshot may differ from the field-test build,Approved for exploratory analysis,Hypothetical route-model scenario; not a measured walk
32,30,center hall -> Geisel Library,Actual minutes,,5.366666666666667,modeled,Current Valhalla ETA multiplied by strict-sample median actual/ETA ratio (0.875).,High; empirical 10th-90th ratio interval gives 4.8-6.3 min,Approved for exploratory analysis,Hypothetical route-model scenario; not a measured walk
33,31,Geisel Library -> galbraith hall,Valhalla ETA (min),,13.8,modeled,Current TritonNav campus resolver and local Valhalla route snapshot; not the historical app version.,Medium; current model snapshot may differ from the field-test build,Approved for exploratory analysis,Hypothetical route-model scenario; not a measured walk
33,31,Geisel Library -> galbraith hall,Actual minutes,,12.075000000000001,modeled,Current Valhalla ETA multiplied by strict-sample median actual/ETA ratio (0.875).,High; empirical 10th-90th ratio interval gives 10.8-14.1 min,Approved for exploratory analysis,Hypothetical route-model scenario; not a measured walk
34,32,galbraith hall -> fah,Valhalla ETA (min),,18.75,modeled,Current TritonNav campus resolver and local Valhalla route snapshot; not the historical app version.,Medium; current model snapshot may differ from the field-test build,Approved for exploratory analysis,Hypothetical route-model scenario; not a measured walk
34,32,galbraith hall -> fah,Actual minutes,,16.40625,modeled,Current Valhalla ETA multiplied by strict-sample median actual/ETA ratio (0.875).,High; empirical 10th-90th ratio interval gives 14.6-19.1 min,Approved for exploratory analysis,Hypothetical route-model scenario; not a measured walk
35,33,fah -> DIB,Valhalla ETA (min),,5.866666666666666,modeled,Current TritonNav campus resolver and local Valhalla route snapshot; not the historical app version.,Medium; current model snapshot may differ from the field-test build,Approved for exploratory analysis,Hypothetical route-model scenario; not a measured walk
35,33,fah -> DIB,Actual minutes,,5.133333333333333,modeled,Current Valhalla ETA multiplied by strict-sample median actual/ETA ratio (0.875).,High; empirical 10th-90th ratio interval gives 4.6-6.0 min,Approved for exploratory analysis,Hypothetical route-model scenario; not a measured walk
36,34,DIB -> Mosaic Hall,Valhalla ETA (min),,9.166666666666666,modeled,Current TritonNav campus resolver and local Valhalla route snapshot; not the historical app version.,Medium; current model snapshot may differ from the field-test build,Approved for exploratory analysis,Hypothetical route-model scenario; not a measured walk
36,34,DIB -> Mosaic Hall,Actual minutes,,8.020833333333332,modeled,Current Valhalla ETA multiplied by strict-sample median actual/ETA ratio (0.875).,High; empirical 10th-90th ratio interval gives 7.1-9.4 min,Approved for exploratory analysis,Hypothetical route-model scenario; not a measured walk
37,35,Mosaic Hall -> center hall,Valhalla ETA (min),,9.15,modeled,Current TritonNav campus resolver and local Valhalla route snapshot; not the historical app version.,Medium; current model snapshot may differ from the field-test build,Approved for exploratory analysis,Hypothetical route-model scenario; not a measured walk
37,35,Mosaic Hall -> center hall,Actual minutes,,8.00625,modeled,Current Valhalla ETA multiplied by strict-sample median actual/ETA ratio (0.875).,High; empirical 10th-90th ratio interval gives 7.1-9.3 min,Approved for exploratory analysis,Hypothetical route-model scenario; not a measured walk
38,36,center hall -> DIB,Valhalla ETA (min),,2.5166666666666666,modeled,Current TritonNav campus resolver and local Valhalla route snapshot; not the historical app version.,Medium; current model snapshot may differ from the field-test build,Approved for exploratory analysis,Hypothetical route-model scenario; not a measured walk
38,36,center hall -> DIB,Actual minutes,,2.2020833333333334,modeled,Current Valhalla ETA multiplied by strict-sample median actual/ETA ratio (0.875).,High; empirical 10th-90th ratio interval gives 2.0-2.6 min,Approved for exploratory analysis,Hypothetical route-model scenario; not a measured walk
39,37,DIB -> MAIN gym,Valhalla ETA (min),,10.25,modeled,Current TritonNav campus resolver and local Valhalla route snapshot; not the historical app version.,Medium; current model snapshot may differ from the field-test build,Approved for exploratory analysis,Hypothetical route-model scenario; not a measured walk
39,37,DIB -> MAIN gym,Actual minutes,,8.96875,modeled,Current Valhalla ETA multiplied by strict-sample median actual/ETA ratio (0.875).,High; empirical 10th-90th ratio interval gives 8.0-10.5 min,Approved for exploratory analysis,Hypothetical route-model scenario; not a measured walk
40,38,MAIN gym -> Price Center,Valhalla ETA (min),,8.016666666666667,modeled,Current TritonNav campus resolver and local Valhalla route snapshot; not the historical app version.,Medium; current model snapshot may differ from the field-test build,Approved for exploratory analysis,Hypothetical route-model scenario; not a measured walk
40,38,MAIN gym -> Price Center,Actual minutes,,7.014583333333334,modeled,Current Valhalla ETA multiplied by strict-sample median actual/ETA ratio (0.875).,High; empirical 10th-90th ratio interval gives 6.3-8.2 min,Approved for exploratory analysis,Hypothetical route-model scenario; not a measured walk
41,39,Price Center -> DIB,Valhalla ETA (min),,5.45,modeled,Current TritonNav campus resolver and local Valhalla route snapshot; not the historical app version.,Medium; current model snapshot may differ from the field-test build,Approved for exploratory analysis,Hypothetical route-model scenario; not a measured walk
41,39,Price Center -> DIB,Actual minutes,,4.76875,modeled,Current Valhalla ETA multiplied by strict-sample median actual/ETA ratio (0.875).,High; empirical 10th-90th ratio interval gives 4.3-5.6 min,Approved for exploratory analysis,Hypothetical route-model scenario; not a measured walk
42,40,DIB -> Price Center,Valhalla ETA (min),,5.45,modeled,Current TritonNav campus resolver and local Valhalla route snapshot; not the historical app version.,Medium; current model snapshot may differ from the field-test build,Pending,Exploratory route-model scenario only
