source_row,trial_id,route_id,route_label,device_category,completed_original,actual_minutes_original,valhalla_eta_minutes_original,signed_error_minutes,absolute_error_minutes,route_line_visible_original,map_loaded_original,entrance_correct_original,wrong_turns_original,documented_issue,issues_observations_original
2,1,1.0,warr lect hall -> fah,iphone,Yes,9.000000000000048,9.0,4.796163466380676e-14,4.796163466380676e-14,Yes,Yes,Yes,0,False,
3,2,2.0,DIB -> Warren lecture hall,iphone,Yes,3.0,,,,Yes,Yes,Yes,0,False,
4,3,3.0,warr lect hall -> DIB,iphone,Yes,2.9999999999999893,3.0,-1.0658141036401503e-14,1.0658141036401503e-14,Yes,Yes,Yes,0,False,
5,4,4.0,warr lect hall -> Goldberg hall,iphone,Yes,1.999999999999993,1.0,0.9999999999999929,0.9999999999999929,Yes,Yes,Not tested,0,False,
6,5,5.0,goldberg hall -> FAH,iphone,Yes,4.0,5.0,-1.0,1.0,Yes,Yes,Not tested,0,False,
7,6,6.0,FAH -> Warren lecture hall,iphone,Yes,5.0,6.0,-1.0,1.0,Yes,Yes,Not tested,0,False,
8,7,7.0,warr lect hall -> Geisel Library,iphone,Yes,4.0,5.0,-1.0,1.0,Yes,Yes,yy,0,False,
9,8,8.0,Geisel Library -> Target,iphone,Yes,4.0,5.0,-1.0,1.0,Yes,Yes,Yes,1,False,
10,9,9.0,Target -> Bird Rock Coffee,iphone,Yes,20.0,19.0,1.0,1.0,Yes,Yes,Yes,1,False,
11,10,10.0,DIB -> applied physics and mathematics,iphone,Yes,5.0,6.0,-1.0,1.0,Yes,Yes,Yes,1,False,
12,11,11.0,applied physics and mathematics -> galbraith hall,iphone,Yes,12.0,13.0,-1.0,1.0,Yes,Yes,Yes,1,False,
13,12,12.0,galbraith hall -> MAIN gym,iphone,Yes,9.0,11.0,-2.0,2.0,Yes,Yes,Yes,0,False,
14,13,13.0,MAIN gym -> CSB building,iphone,Yes,5.0,6.0,-1.0,1.0,Yes,Yes,Yes,0,False,
15,14,14.0,CSB building -> marshall college,mac,No,,,,,N/A,Yes,N/A,0,True,"no route, returns college diagram"
16,15,15.0,CSB building -> RIMAC,mac,Yes,8.0,9.0,-1.0,1.0,Yes,Yes,Yes,0,False,
17,16,16.0,RIMAC -> Seventh College Housing,mac,No,,,,,No,No,N/A,0,True,"no route, returns nothing"
18,17,17.0,seventh college housing -> RIMAC,iphone,Yes,8.0,9.0,-1.0,1.0,Yes,Yes,Yes,0,False,
19,18,18.0,RIMAC -> Geisel Library,iphone,Yes,6.0,7.0,-1.0,1.0,Yes,Yes,Yes,0,False,
20,19,19.0,Geisel Library -> CSB building,iphone,Yes,8.0,10.0,-2.0,2.0,Yes,Yes,Yes,0,False,
21,20,20.0,CSB building -> Student Health and Wellness Center,iphone,Yes,2.0,2.0,0.0,0.0,Yes,Yes,Yes,0,False,
22,21,21.0,Student Health and Wellness Center -> Mosaic Hall,iphone,Yes,3.0,4.0,-1.0,1.0,Yes,Yes,Yes,0,False,
23,22,22.0,Mosaic Hall -> catalyst,iphone,Yes,1.0,1.0,0.0,0.0,Yes,Yes,Yes,1,False,
24,23,23.0,catalyst -> peterson hall,iphone,Yes,4.0,4.0,0.0,0.0,Yes,Yes,Yes,1,False,
25,24,24.0,peterson hall -> sixth market,iphone,Yes,4.0,5.0,-1.0,1.0,Yes,Yes,Yes,1,True,"it depicts sixth market as being next to DIB, WRONG"
26,25,25.0,peterson hall -> center hall,iphone,Yes,7.0,8.0,-1.0,1.0,Yes,Yes,Yes,0,False,
27,25,26.0,center hall -> pepper canyon hall,iphone,Yes,,,,,Yes,Yes,No,4,True, it depits PCH at bonner hall
28,26,27.0,center hall -> MANDE,iphone,Yes,3.0,7.0,-4.0,4.0,Yes,Yes,Yes,0,False,
29,27,28.0,MANDE -> MAIN gym,iphone,Yes,3.0,3.0,0.0,0.0,Yes,Yes,Yes,0,False,
30,28,29.0,MAIN gym -> FAH,iphone,Yes,,,,,Yes,Yes,Yes,0,False,
31,29,30.0,FAH -> center hall,iphone,Yes,,,,,Yes,Yes,Yes,0,False,
32,30,31.0,center hall -> Geisel Library,iphone,Yes,,,,,Yes,Yes,Yes,0,False,
33,31,32.0,Geisel Library -> galbraith hall,iphone,Yes,,,,,Yes,Yes,Yes,0,False,
34,32,33.0,galbraith hall -> fah,iphone,Yes,,,,,Yes,Yes,Yes,0,False,
35,33,34.0,fah -> DIB,iphone,Yes,,,,,Yes,Yes,Yes,0,False,
36,34,35.0,DIB -> Mosaic Hall,iphone,Yes,,,,,Yes,Yes,Yes,0,False,
37,35,36.0,Mosaic Hall -> center hall,iphone,Yes,,,,,Yes,Yes,Yes,0,False,
38,36,37.0,center hall -> DIB,iphone,Yes,,,,,Yes,Yes,Yes,0,False,
39,37,38.0,DIB -> MAIN gym,iphone,Yes,,,,,Yes,Yes,Yes,0,False,
40,38,39.0,MAIN gym -> Price Center,iphone,Yes,,,,,Yes,Yes,Yes,0,False,
41,39,40.0,Price Center -> DIB,iphone,Yes,,,,,Yes,Yes,Yes,0,False,
42,40,,DIB -> Price Center,mac,Yes,,,,,Yes,Yes,Yes,0,False,
