issue_id,scope,category,affected_records,evidence,severity,retest_or_resolution
DQ-01,Dataset,Duplicate identifier,Trial ID 25 (source rows 26 and 27),Two distinct route records share the same Trial ID.,High,Assign a unique ID before longitudinal or participant-level analysis.
DQ-02,Dataset,Blank-ID record,1 row (source row 43),A row with no Trial ID is marked Completed=Yes and is counted by the dashboard completion formula.,High,Exclude from keyed trial counts; determine whether it is an accidental template row.
DQ-03,Dashboard,Completion overcount,Research Dashboard,Dashboard reports 40 completed trials; keyed records contain 39 Yes and 2 No statuses.,High,"Use keyed records only and disclose 39/41 record completion, or 38/40 by unique Trial ID."
DQ-04,Distance fields,Mixed or ambiguous units,Valhalla and actual distance columns,"Headers say meters, while values mix decimals, strings ending in ft, and strings such as 0.4m.",High,Do not analyze distance until source units are confirmed and normalized in separate columns.
DQ-05,GPS,Missing numeric accuracy,All keyed trial records,No record contains numeric GPS accuracy in meters; two use the qualitative text 'not accurate'.,Medium,Capture numeric horizontal accuracy in future physical trials.
DQ-06,Route linkage,Identifier mismatch,Field Trials versus Route Catalog,Trials use numeric route IDs 1-40; catalog uses R01-R06 and no Verified on dates.,Medium,Define a stable route key and map every field trial to the intended catalog route.
DQ-07,Issue Log,Unlogged documented issues,"Trials 14, 16, 24, and duplicate Trial ID 25","Field Trials contain narrative routing/destination problems, while Issue Log has zero rows.",High,Create issue-log entries linked to source row and retest result.
NAV-01,Trial 14,Routing failure,CSB building -> Marshall College,Completed=No; observation says no route and a college diagram was returned.,High,Resolve both endpoints using canonical campus IDs and repeat on a physical device.
NAV-02,Trial 16,Routing and rendering failure,RIMAC -> Seventh College Housing,Completed=No; route line and map recorded No; observation says no route returned.,High,Add a verified routable coordinate for Seventh College Housing and repeat.
NAV-03,Trial 24,Destination placement,Peterson Hall -> Sixth Market,Observation says Sixth Market was depicted next to DIB and marked wrong.,High,Verify the destination coordinate against an official campus source and retest.
NAV-04,Duplicate Trial ID 25,Destination placement and navigation,Center Hall -> Pepper Canyon Hall,No timing; four wrong turns; entrance incorrect; destination reportedly placed at Bonner Hall.,High,"Correct identity/coordinate, assign a unique trial ID, and repeat the full walk."
DQ-08,Timing,Timestamp conflicts,"Trials 2, 5, 8, 12, 13, 20, and 23",Entered actual minutes differ from start/end-derived minutes; Trial 23 differs by 29 minutes.,High,Review source notes; retain both values and use strict sensitivity analysis.
DQ-09,Timing,Interface/routing checks without walk timing,14 completed records,Completed=Yes but actual and Valhalla timing values are unavailable; the evaluator clarified these as interface/routing checks rather than physical walks.,High,Do not classify as timed walking successes; retain separately as interface/routing checks.
