source_row,trial_id,date,tester_id,route_id,origin_original,destination_original,route_label,network,device_original,device_category,start_time_original,end_time_original,actual_minutes_original,actual_minutes_raw,timestamp_minutes_calculated,actual_minus_timestamp_minutes,timestamp_consistent,valhalla_eta_minutes_original,valhalla_eta_raw,valhalla_eta_value_type,valhalla_eta_serial_proposal,valhalla_distance_original,actual_distance_original,completed_original,completed_category,gps_accuracy_original,wrong_turns_original,entrance_correct_original,route_line_visible_original,map_loaded_original,issues_observations_original,screenshot_reference,app_version_commit,paired_original_numeric,primary_measured_eligible,strict_measured_eligible,documented_issue,source_actual_formula,signed_error_minutes,absolute_error_minutes,record_provenance,evaluation_record_type
2,1,2026-09-29 00:00:00,Diego,1.0,warr lect hall,fah,warr lect hall -> fah,Hotspot,Iphone,iphone,07:34:00,07:43:00,9.000000000000048,9.000000000000048,9.0,4.796163466380676e-14,True,9.0,9,numeric,,,,Yes,yes,,0,Yes,Yes,Yes,,,,True,True,True,False,"=IF(OR(I2="""",J2=""""),"""",MOD(J2-I2,1)*1440)",4.796163466380676e-14,4.796163466380676e-14,source workbook; calculated columns are explicitly named,physical walking trial with measured timing
3,2,2026-09-29 00:00:00,Diego,2.0,DIB,Warren lecture hall,DIB -> Warren lecture hall,UCSD Wi-Fi,Iphone,iphone,08:00:00,08:04:00,3.0,3,4.0,-1.0,False,,1900-01-03 00:00:00,date-typed,3.0,915ft,0.15,Yes,yes,,0,Yes,Yes,Yes,,,,False,False,False,False,3,,,source workbook; calculated columns are explicitly named,other recorded check
4,3,2026-09-29 00:00:00,Diego,3.0,warr lect hall,DIB,warr lect hall -> DIB,Hotspot,Iphone,iphone,08:06:00,08:09:00,2.9999999999999893,2.9999999999999893,3.0,-1.0658141036401503e-14,True,3.0,3,numeric,,914ft,0.15,Yes,yes,,0,Yes,Yes,Yes,,,,True,True,True,False,"=IF(OR(I4="""",J4=""""),"""",MOD(J4-I4,1)*1440)",-1.0658141036401503e-14,1.0658141036401503e-14,source workbook; calculated columns are explicitly named,physical walking trial with measured timing
5,4,2026-09-29 00:00:00,Diego,4.0,warr lect hall,Goldberg hall,warr lect hall -> Goldberg hall,Hotspot,Iphone,iphone,08:20:00,08:22:00,1.999999999999993,1.999999999999993,2.0,-7.105427357601002e-15,True,1.0,1,numeric,,584ft,0.11,Yes,yes,,0,Not tested,Yes,Yes,,,,True,True,True,False,"=IF(OR(I5="""",J5=""""),"""",MOD(J5-I5,1)*1440)",0.9999999999999929,0.9999999999999929,source workbook; calculated columns are explicitly named,physical walking trial with measured timing
6,5,2026-09-29 00:00:00,Diego,5.0,goldberg hall,FAH,goldberg hall -> FAH,Hotspot,Iphone,iphone,08:25:00,08:26:00,4.0,4,1.0,3.0,False,5.0,5,numeric,,0.1,0.1,Yes,yes,,0,Not tested,Yes,Yes,,,,True,True,False,False,4,-1.0,1.0,source workbook; calculated columns are explicitly named,physical walking trial with measured timing
7,6,2026-09-29 00:00:00,Diego,6.0,FAH,Warren lecture hall,FAH -> Warren lecture hall,Hotspot,Iphone,iphone,08:26:00,08:31:00,5.0,5,5.0,0.0,True,6.0,6,numeric,,0.3,0.2,Yes,yes,,0,Not tested,Yes,Yes,,,,True,True,True,False,5,-1.0,1.0,source workbook; calculated columns are explicitly named,physical walking trial with measured timing
8,7,2026-09-29 00:00:00,Diego,7.0,warr lect hall,Geisel Library,warr lect hall -> Geisel Library,Hotspot,Iphone,iphone,08:31:00,08:35:00,4.0,4,4.0,0.0,True,5.0,5,numeric,,0.2,0.2,Yes,yes,,0,yy,Yes,Yes,,,,True,True,True,False,4,-1.0,1.0,source workbook; calculated columns are explicitly named,physical walking trial with measured timing
9,8,2026-09-29 00:00:00,Diego,8.0,Geisel Library,Target,Geisel Library -> Target,Hotspot,Iphone,iphone,08:35:00,08:41:00,4.0,4,6.0,-2.0,False,5.0,5,numeric,,0.2,0.1,Yes,yes,,1,Yes,Yes,Yes,,,,True,True,False,False,4,-1.0,1.0,source workbook; calculated columns are explicitly named,physical walking trial with measured timing
10,9,2026-09-29 00:00:00,Diego,9.0,Target,Bird Rock Coffee,Target -> Bird Rock Coffee,Hotspot,Iphone,iphone,08:40:00,09:00:00,20.0,20,20.0,0.0,True,19.0,19,numeric,,0.3,0.3,Yes,yes,,1,Yes,Yes,Yes,,,,True,True,True,False,20,1.0,1.0,source workbook; calculated columns are explicitly named,physical walking trial with measured timing
11,10,2026-09-29 00:00:00,Diego,10.0,DIB,applied physics and mathematics,DIB -> applied physics and mathematics,Hotspot,Iphone,iphone,09:01:00,09:06:00,5.0,5,5.0,0.0,True,6.0,6,numeric,,0.6,0.6,Yes,yes,,1,Yes,Yes,Yes,,,,True,True,True,False,5,-1.0,1.0,source workbook; calculated columns are explicitly named,physical walking trial with measured timing
12,11,2026-09-30 00:00:00,Diego,11.0,applied physics and mathematics,galbraith hall,applied physics and mathematics -> galbraith hall,UCSD Wi-Fi,Iphone,iphone,09:06:00,09:18:00,12.0,12,12.0,0.0,True,13.0,13,numeric,,0.6,0.6,Yes,yes,,1,Yes,Yes,Yes,,,,True,True,True,False,12,-1.0,1.0,source workbook; calculated columns are explicitly named,physical walking trial with measured timing
13,12,2026-09-30 00:00:00,Diego,12.0,galbraith hall,MAIN gym,galbraith hall -> MAIN gym,UCSD Wi-Fi,Iphone,iphone,09:18:00,09:26:00,9.0,9,8.0,1.0,False,11.0,11,numeric,,0.4m,0.3,Yes,yes,,0,Yes,Yes,Yes,,,,True,True,False,False,9,-2.0,2.0,source workbook; calculated columns are explicitly named,physical walking trial with measured timing
14,13,2026-09-30 00:00:00,Diego,13.0,MAIN gym,CSB building,MAIN gym -> CSB building,UCSD Wi-Fi,Iphone,iphone,09:26:00,09:32:00,5.0,5,6.0,-1.0,False,6.0,6,numeric,,0.3,0.3,Yes,yes,,0,Yes,Yes,Yes,,,,True,True,False,False,5,-1.0,1.0,source workbook; calculated columns are explicitly named,physical walking trial with measured timing
15,14,2026-09-30 00:00:00,Diego,14.0,CSB building,marshall college,CSB building -> marshall college,UCSD Wi-Fi,Mac,mac,,,,N/A,,,,,N/A,missing,,N/A,N/A,No,no,,0,N/A,N/A,Yes,"no route, returns college diagram",,,False,False,False,True,N/A,,,source workbook; calculated columns are explicitly named,unsuccessful interface/routing check
16,15,2026-09-30 00:00:00,Diego,15.0,CSB building,RIMAC,CSB building -> RIMAC,UCSD Wi-Fi,mac,mac,09:40:00,09:48:00,8.0,8,8.0,0.0,True,9.0,9,numeric,,0.5,0.5,Yes,yes,,0,Yes,Yes,Yes,,,,True,False,False,False,8,-1.0,1.0,source workbook; calculated columns are explicitly named,other recorded check
17,16,2026-09-30 00:00:00,Diego,16.0,RIMAC,Seventh College Housing,RIMAC -> Seventh College Housing,UCSD Wi-Fi,Mac,mac,N/A,N,,N/A,,,,,N/A,missing,,N/A,N/A,No,no,N/A,0,N/A,No,No,"no route, returns nothing",,,False,False,False,True,N/A,,,source workbook; calculated columns are explicitly named,unsuccessful interface/routing check
18,17,2026-09-30 00:00:00,Diego,17.0,seventh college housing,RIMAC,seventh college housing -> RIMAC,UCSD Wi-Fi,Iphone,iphone,10:00:00,10:08:00,8.0,8,8.0,0.0,True,9.0,9,numeric,,"1,273ft",0.2,Yes,yes,,0,Yes,Yes,Yes,,,,True,True,True,False,8,-1.0,1.0,source workbook; calculated columns are explicitly named,physical walking trial with measured timing
19,18,2026-09-30 00:00:00,Diego,18.0,RIMAC,Geisel Library,RIMAC -> Geisel Library,UCSD Wi-Fi,Iphone,iphone,10:08:00,10:14:00,6.0,6,6.0,0.0,True,7.0,7,numeric,,0.4m,0.4,Yes,yes,,0,Yes,Yes,Yes,,,,True,True,True,False,6,-1.0,1.0,source workbook; calculated columns are explicitly named,physical walking trial with measured timing
20,19,2026-09-30 00:00:00,Diego,19.0,Geisel Library,CSB building,Geisel Library -> CSB building,UCSD Wi-Fi,Iphone,iphone,10:14:00,10:22:00,8.0,8,8.0,0.0,True,10.0,10,numeric,,0.5,0.5,Yes,yes,,0,Yes,Yes,Yes,,,,True,True,True,False,8,-2.0,2.0,source workbook; calculated columns are explicitly named,physical walking trial with measured timing
21,20,2026-09-30 00:00:00,Diego,20.0,CSB building,Student Health and Wellness Center,CSB building -> Student Health and Wellness Center,UCSD Wi-Fi,Iphone,iphone,10:22:00,10:23:00,2.0,2,1.0,1.0,False,2.0,2,numeric,,619ft,0.1,Yes,yes,,0,Yes,Yes,Yes,,,,True,True,False,False,2,0.0,0.0,source workbook; calculated columns are explicitly named,physical walking trial with measured timing
22,21,2026-09-30 00:00:00,Diego,21.0,Student Health and Wellness Center,Mosaic Hall,Student Health and Wellness Center -> Mosaic Hall,UCSD Wi-Fi,Iphone,iphone,10:23:00,10:26:00,3.0,3,3.0,0.0,True,4.0,4,numeric,,"1,020ft",0.1,Yes,yes,,0,Yes,Yes,Yes,,,,True,True,True,False,3,-1.0,1.0,source workbook; calculated columns are explicitly named,physical walking trial with measured timing
23,22,2026-09-30 00:00:00,Diego,22.0,Mosaic Hall,catalyst,Mosaic Hall -> catalyst,UCSD Wi-Fi,Iphone,iphone,10:26:00,10:27:00,1.0,1,1.0,0.0,True,1.0,1,numeric,,207ft,0.1,Yes,yes,,1,Yes,Yes,Yes,,,,True,True,True,False,1,0.0,0.0,source workbook; calculated columns are explicitly named,physical walking trial with measured timing
24,23,2026-09-30 00:00:00,Diego,23.0,catalyst,peterson hall,catalyst -> peterson hall,UCSD Wi-Fi,Iphone,iphone,10:27:00,11:00:00,4.0,4,33.0,-29.0,False,4.0,4,numeric,,"1,138ft",0.2,Yes,yes,,1,Yes,Yes,Yes,,,,True,True,False,False,4,0.0,0.0,source workbook; calculated columns are explicitly named,physical walking trial with measured timing
25,24,2026-09-30 00:00:00,Diego,24.0,peterson hall,sixth market,peterson hall -> sixth market,UCSD Wi-Fi,Iphone,iphone,11:00:00,11:04:00,4.0,4,4.0,0.0,True,5.0,5,numeric,,0.2,0.2,Yes,yes,not accurate,1,Yes,Yes,Yes,"it depicts sixth market as being next to DIB, WRONG",,,True,True,True,True,4,-1.0,1.0,source workbook; calculated columns are explicitly named,physical walking trial with measured timing
26,25,2026-09-30 00:00:00,Diego,25.0,peterson hall,center hall,peterson hall -> center hall,UCSD Wi-Fi,Iphone,iphone,11:04:00,11:11:00,7.0,7,7.0,0.0,True,8.0,8,numeric,,0.4,0.4,Yes,yes,,0,Yes,Yes,Yes,,,,True,True,True,False,7,-1.0,1.0,source workbook; calculated columns are explicitly named,physical walking trial with measured timing
27,25,2026-09-30 00:00:00,Diego,26.0,center hall,pepper canyon hall,center hall -> pepper canyon hall,UCSD Wi-Fi,Iphone,iphone,N/A,N/A,,N/A,,,,,N/A,missing,,N/A,N/A,Yes,yes,not accurate,4,No,Yes,Yes, it depits PCH at bonner hall,,,False,False,False,True,N/A,,,source workbook; calculated columns are explicitly named,interface/routing check; not a physical walking trial
28,26,2026-09-30 00:00:00,Diego,27.0,center hall,MANDE,center hall -> MANDE,UCSD Wi-Fi,Iphone,iphone,11:15:00,11:18:00,3.0,3,3.0,0.0,True,7.0,7,numeric,,0.3,0.1,Yes,yes,,0,Yes,Yes,Yes,,,,True,True,True,False,3,-4.0,4.0,source workbook; calculated columns are explicitly named,physical walking trial with measured timing
29,27,2026-09-30 00:00:00,Diego,28.0,MANDE,MAIN gym,MANDE -> MAIN gym,UCSD Wi-Fi,Iphone,iphone,11:18:00,11:21:00,3.0,3,3.0,0.0,True,3.0,3,numeric,,778ft,0.2,Yes,yes,,0,Yes,Yes,Yes,,,,True,True,True,False,3,0.0,0.0,source workbook; calculated columns are explicitly named,physical walking trial with measured timing
30,28,2026-09-30 00:00:00,Diego,29.0,MAIN gym,FAH,MAIN gym -> FAH,UCSD Wi-Fi,Iphone,iphone,,,,,,,,,,missing,,,,Yes,yes,,0,Yes,Yes,Yes,,,,False,False,False,False,"=IF(OR(I30="""",J30=""""),"""",MOD(J30-I30,1)*1440)",,,source workbook; calculated columns are explicitly named,interface/routing check; not a physical walking trial
31,29,2026-09-30 00:00:00,Diego,30.0,FAH,center hall,FAH -> center hall,UCSD Wi-Fi,Iphone,iphone,,,,,,,,,,missing,,,,Yes,yes,,0,Yes,Yes,Yes,,,,False,False,False,False,"=IF(OR(I31="""",J31=""""),"""",MOD(J31-I31,1)*1440)",,,source workbook; calculated columns are explicitly named,interface/routing check; not a physical walking trial
32,30,2026-09-30 00:00:00,Diego,31.0,center hall,Geisel Library,center hall -> Geisel Library,UCSD Wi-Fi,Iphone,iphone,,,,,,,,,,missing,,,,Yes,yes,,0,Yes,Yes,Yes,,,,False,False,False,False,"=IF(OR(I32="""",J32=""""),"""",MOD(J32-I32,1)*1440)",,,source workbook; calculated columns are explicitly named,interface/routing check; not a physical walking trial
33,31,2026-09-30 00:00:00,Diego,32.0,Geisel Library,galbraith hall,Geisel Library -> galbraith hall,UCSD Wi-Fi,Iphone,iphone,,,,,,,,,,missing,,,,Yes,yes,,0,Yes,Yes,Yes,,,,False,False,False,False,"=IF(OR(I33="""",J33=""""),"""",MOD(J33-I33,1)*1440)",,,source workbook; calculated columns are explicitly named,interface/routing check; not a physical walking trial
34,32,2026-09-30 00:00:00,Diego,33.0,galbraith hall,fah,galbraith hall -> fah,UCSD Wi-Fi,Iphone,iphone,,,,,,,,,,missing,,,,Yes,yes,,0,Yes,Yes,Yes,,,,False,False,False,False,"=IF(OR(I34="""",J34=""""),"""",MOD(J34-I34,1)*1440)",,,source workbook; calculated columns are explicitly named,interface/routing check; not a physical walking trial
35,33,2026-09-30 00:00:00,Diego,34.0,fah,DIB,fah -> DIB,UCSD Wi-Fi,Iphone,iphone,,,,,,,,,,missing,,,,Yes,yes,,0,Yes,Yes,Yes,,,,False,False,False,False,"=IF(OR(I35="""",J35=""""),"""",MOD(J35-I35,1)*1440)",,,source workbook; calculated columns are explicitly named,interface/routing check; not a physical walking trial
36,34,2026-09-30 00:00:00,Diego,35.0,DIB,Mosaic Hall,DIB -> Mosaic Hall,UCSD Wi-Fi,Iphone,iphone,,,,,,,,,,missing,,,,Yes,yes,,0,Yes,Yes,Yes,,,,False,False,False,False,"=IF(OR(I36="""",J36=""""),"""",MOD(J36-I36,1)*1440)",,,source workbook; calculated columns are explicitly named,interface/routing check; not a physical walking trial
37,35,2026-09-30 00:00:00,Diego,36.0,Mosaic Hall,center hall,Mosaic Hall -> center hall,UCSD Wi-Fi,Iphone,iphone,,,,,,,,,,missing,,,,Yes,yes,,0,Yes,Yes,Yes,,,,False,False,False,False,"=IF(OR(I37="""",J37=""""),"""",MOD(J37-I37,1)*1440)",,,source workbook; calculated columns are explicitly named,interface/routing check; not a physical walking trial
38,36,2026-09-30 00:00:00,Diego,37.0,center hall,DIB,center hall -> DIB,UCSD Wi-Fi,Iphone,iphone,,,,,,,,,,missing,,,,Yes,yes,,0,Yes,Yes,Yes,,,,False,False,False,False,"=IF(OR(I38="""",J38=""""),"""",MOD(J38-I38,1)*1440)",,,source workbook; calculated columns are explicitly named,interface/routing check; not a physical walking trial
39,37,2026-09-30 00:00:00,Diego,38.0,DIB,MAIN gym,DIB -> MAIN gym,UCSD Wi-Fi,Iphone,iphone,,,,,,,,,,missing,,,,Yes,yes,,0,Yes,Yes,Yes,,,,False,False,False,False,"=IF(OR(I39="""",J39=""""),"""",MOD(J39-I39,1)*1440)",,,source workbook; calculated columns are explicitly named,interface/routing check; not a physical walking trial
40,38,2026-09-30 00:00:00,Diego,39.0,MAIN gym,Price Center,MAIN gym -> Price Center,UCSD Wi-Fi,Iphone,iphone,,,,,,,,,,missing,,,,Yes,yes,,0,Yes,Yes,Yes,,,,False,False,False,False,"=IF(OR(I40="""",J40=""""),"""",MOD(J40-I40,1)*1440)",,,source workbook; calculated columns are explicitly named,interface/routing check; not a physical walking trial
41,39,2026-09-30 00:00:00,Diego,40.0,Price Center,DIB,Price Center -> DIB,UCSD Wi-Fi,Iphone,iphone,,,,,,,,,,missing,,,,Yes,yes,,0,Yes,Yes,Yes,,,,False,False,False,False,"=IF(OR(I41="""",J41=""""),"""",MOD(J41-I41,1)*1440)",,,source workbook; calculated columns are explicitly named,interface/routing check; not a physical walking trial
42,40,2026-09-30 00:00:00,Diego,,DIB,Price Center,DIB -> Price Center,Hotspot,mac,mac,,,,,,,,,,missing,,,,Yes,yes,,0,Yes,Yes,Yes,,,,False,False,False,False,"=IF(OR(I42="""",J42=""""),"""",MOD(J42-I42,1)*1440)",,,source workbook; calculated columns are explicitly named,interface/routing check; not a physical walking trial
