source_row,trial_id,route_id,route_label,actual_minutes,eta_minutes,signed_error_minutes,absolute_error_minutes,provenance,distance_meters_current
30,28,29.0,MAIN gym -> FAH,11.885416666666668,13.583333333333334,-1.697916666666666,1.697916666666666,modeled actual scenario from current Valhalla ETA,1153.0
31,29,30.0,FAH -> center hall,6.4750000000000005,7.4,-0.9249999999999998,0.9249999999999998,modeled actual scenario from current Valhalla ETA,627.0
32,30,31.0,center hall -> Geisel Library,5.366666666666667,6.133333333333334,-0.7666666666666666,0.7666666666666666,modeled actual scenario from current Valhalla ETA,518.0
33,31,32.0,Geisel Library -> galbraith hall,12.075000000000001,13.8,-1.7249999999999996,1.7249999999999996,modeled actual scenario from current Valhalla ETA,1163.0
34,32,33.0,galbraith hall -> fah,16.40625,18.75,-2.34375,2.34375,modeled actual scenario from current Valhalla ETA,1584.0
35,33,34.0,fah -> DIB,5.133333333333333,5.866666666666666,-0.7333333333333334,0.7333333333333334,modeled actual scenario from current Valhalla ETA,497.0
36,34,35.0,DIB -> Mosaic Hall,8.020833333333332,9.166666666666666,-1.145833333333334,1.145833333333334,modeled actual scenario from current Valhalla ETA,775.0
37,35,36.0,Mosaic Hall -> center hall,8.00625,9.15,-1.1437500000000007,1.1437500000000007,modeled actual scenario from current Valhalla ETA,772.0
38,36,37.0,center hall -> DIB,2.2020833333333334,2.5166666666666666,-0.3145833333333332,0.3145833333333332,modeled actual scenario from current Valhalla ETA,214.0
39,37,38.0,DIB -> MAIN gym,8.96875,10.25,-1.28125,1.28125,modeled actual scenario from current Valhalla ETA,868.0
40,38,39.0,MAIN gym -> Price Center,7.014583333333334,8.016666666666667,-1.0020833333333332,1.0020833333333332,modeled actual scenario from current Valhalla ETA,679.0
41,39,40.0,Price Center -> DIB,4.76875,5.45,-0.6812500000000004,0.6812500000000004,modeled actual scenario from current Valhalla ETA,462.0
